lat,long,altitude,labels,datetime,velocity,acceleration
39.991009999999996,116.45095900000001,95,taxi,2009-07-12 10:34:59,0.33543670275534776,0.5380655250876069
39.990997,116.450949,96,taxi,2009-07-12 10:35:04,3.025764328193382,0.6316538441614917
39.990888,116.45095,95,taxi,2009-07-12 10:35:08,5.552379704839349,0.7803106516804523
39.990788,116.450948,95,taxi,2009-07-12 10:35:10,7.1130010082002535,0.4407397580254173
39.990660999999996,116.45097,94,taxi,2009-07-12 10:35:12,7.994480524251088,0.4998576644653303
39.990517,116.45097,94,taxi,2009-07-12 10:35:14,8.994195853181749,0.5060171344213389
39.990355,116.45096799999999,94,taxi,2009-07-12 10:35:16,10.006230122024427,0.09826528541582213
39.990265,116.450962,94,taxi,2009-07-12 10:35:17,10.104495407440249,-0.16361037930442635
39.990173999999996,116.450961,94,taxi,2009-07-12 10:35:18,9.940885028135822,0.19901245244263688
39.989995,116.45096699999999,94,taxi,2009-07-12 10:35:20,10.338909933021096,0.2314669008968906
39.989902,116.450973,94,taxi,2009-07-12 10:35:21,10.570376833917987,0.11080453398169787
39.989807,116.450981,94,taxi,2009-07-12 10:35:22,10.681181367899685,0.005803060710020347
39.989711,116.45098899999999,94,taxi,2009-07-12 10:35:23,10.686984428609705,0.4325422352304997
39.989615,116.450998,94,taxi,2009-07-12 10:35:24,11.119526663840205,0.5544071515299791
39.989515000000004,116.45100500000001,94,taxi,2009-07-12 10:35:25,11.673933815370184,0.10346002795823672
39.98941,116.451012,94,taxi,2009-07-12 10:35:26,11.77739384332842,0.5580760699760301
39.989304,116.451017,95,taxi,2009-07-12 10:35:27,12.33546991330445,0.7710452417725779
39.989193,116.45102299999999,95,taxi,2009-07-12 10:35:28,13.106515155077028,-0.3304178735489689
39.989075,116.451027,95,taxi,2009-07-12 10:35:29,12.77609728152806,0.10644364222931735
39.98896,116.451022,95,taxi,2009-07-12 10:35:30,12.882540923757377,-2.4875160598014645e-07
39.988844,116.451025,95,taxi,2009-07-12 10:35:31,12.882540675005771,-0.4323234943187142
39.988728,116.45102800000001,95,taxi,2009-07-12 10:35:32,12.450217180687057,-0.12273429110802958
39.988616,116.451035,96,taxi,2009-07-12 10:35:33,12.327482889579027,-0.0023673853553649593
39.988504999999996,116.45103799999998,97,taxi,2009-07-12 10:35:34,12.325115504223662,-0.3330952371283349
39.988394,116.45103700000001,97,taxi,2009-07-12 10:35:35,11.992020267095327,-1.2132200654429202
39.988285999999995,116.45103600000002,98,taxi,2009-07-12 10:35:36,10.778800201652407,-1.6735784875883528
39.988189,116.451031,98,taxi,2009-07-12 10:35:37,9.105221714064054,-1.2437523400481942
39.988025,116.45103300000001,98,taxi,2009-07-12 10:35:39,6.617717033967666,-0.3513010947535915
39.987906,116.45104199999999,100,taxi,2009-07-12 10:35:41,5.915114844460483,0.46649045119551147
39.9878,116.45102800000001,103,taxi,2009-07-12 10:35:43,6.848095746851506,0.6261256080542008
39.987685,116.45097,100,taxi,2009-07-12 10:35:45,8.100346962959907,0.003473258695620096
39.987552,116.450892,95,taxi,2009-07-12 10:35:47,8.107293480351148,0.583808987883808
39.987412,116.45083799999999,94,taxi,2009-07-12 10:35:49,9.274911456118764,0.6373691548854055
39.987245,116.450832,92,taxi,2009-07-12 10:35:51,10.549649765889574,1.4432803601765904
39.98715,116.45083400000001,91,taxi,2009-07-12 10:35:52,11.992930126066165,0.22115057880272282
39.987041999999995,116.450832,91,taxi,2009-07-12 10:35:53,12.214080704868888,0.8979943013926661
39.986932,116.450833,91,taxi,2009-07-12 10:35:54,13.112075006261554,0.7080143067403952
39.986814,116.45083899999999,91,taxi,2009-07-12 10:35:55,13.820089313001949,0.08047813055530284
39.98669,116.45085300000001,92,taxi,2009-07-12 10:35:56,13.900567443557252,0.8672511738333686
39.986565,116.45086200000001,92,taxi,2009-07-12 10:35:57,14.76781861739062,-0.3310763710620339
39.986432,116.45086299999998,93,taxi,2009-07-12 10:35:58,14.436742246328587,-0.44615114574280845
39.986302,116.45086,93,taxi,2009-07-12 10:35:59,13.990591100585778,-0.11024420970848148
39.986176,116.45085900000001,93,taxi,2009-07-12 10:36:00,13.880346890877297,0.4860583513991159
39.986051,116.450861,93,taxi,2009-07-12 10:36:01,14.366405242276413,0.039299826276407046
39.985921999999995,116.450848,94,taxi,2009-07-12 10:36:02,14.40570506855282,-0.056829663007029296
39.985793,116.45083000000001,94,taxi,2009-07-12 10:36:03,14.34887540554579,-0.5782311361937946
39.985664,116.45082,94,taxi,2009-07-12 10:36:04,13.770644269351996,-0.8903760575274227
39.98554,116.45081699999999,94,taxi,2009-07-12 10:36:05,12.880268211824573,-1.5496124018423245
39.985424,116.45081599999999,94,taxi,2009-07-12 10:36:06,11.330655809982249,0.33039090129607374
39.985322,116.45081200000001,92,taxi,2009-07-12 10:36:07,11.661046711278322,-0.6567068250630541
39.985217999999996,116.45079299999999,92,taxi,2009-07-12 10:36:08,11.004339886215268,0.5432320577884884
39.985119,116.450799,92,taxi,2009-07-12 10:36:09,11.547571944003757,0.8527745692107942
39.985015000000004,116.450799,91,taxi,2009-07-12 10:36:10,12.40034651321455,0.5203541531943028
39.984904,116.45081499999999,91,taxi,2009-07-12 10:36:11,12.920700666408854,0.4255765818890911
39.984788,116.450827,91,taxi,2009-07-12 10:36:12,13.346277248297945,0.6651523667248007
39.984668,116.45083600000001,89,taxi,2009-07-12 10:36:13,14.011429615022745,-0.12267965456937979
39.984542,116.450845,89,taxi,2009-07-12 10:36:14,13.888749960453366,0.10392224813649165
39.984417,116.450851,89,taxi,2009-07-12 10:36:15,13.992672208589857,-0.322368440909786
39.984291,116.450854,89,taxi,2009-07-12 10:36:16,13.670303767680071,0.34112494568153373
39.984168,116.450861,88,taxi,2009-07-12 10:36:17,14.011428713361605,-0.6774576225755613
39.984041999999995,116.45087,88,taxi,2009-07-12 10:36:18,13.333971090786044,-0.11647029132614328
39.983922,116.450864,86,taxi,2009-07-12 10:36:19,13.2175007994599,-1.5585842854698093
39.983803,116.450868,86,taxi,2009-07-12 10:36:20,11.658916513990091,-3.2649541263470674
39.983698,116.45086699999999,87,taxi,2009-07-12 10:36:21,8.393962387643024,-1.6393201027104758
39.983546999999994,116.45085700000001,87,taxi,2009-07-12 10:36:23,5.115322182222072,-1.7888989575200986
39.983458,116.450826,85,taxi,2009-07-12 10:36:25,1.5375242671818747,-0.2882505313922593
39.983393,116.450795,83,taxi,2009-07-12 10:36:30,0.09627161022057813,-0.014812949531714836
39.983391,116.4508,83,taxi,2009-07-12 10:36:35,0.022206862562003944,0.014592932339328207
39.98339,116.4508,83,taxi,2009-07-12 10:36:40,0.09517152425864497,-0.0009432664592883555
39.983394,116.450802,83,taxi,2009-07-12 10:36:45,0.0904551919622032,-0.01809103839244064
39.983398,116.45080300000001,82,taxi,2009-07-12 10:36:50,0.0,0.07004330998586221
39.983398,116.45080300000001,82,taxi,2009-07-12 10:36:53,0.21012992995758661,1.2472186452120544
39.983401,116.450806,88,taxi,2009-07-12 10:36:55,2.7045672203816955,0.8334353565501278
39.98328,116.450824,90,taxi,2009-07-12 10:37:00,6.871744003132335,0.9001640048633099
39.983157,116.450806,90,taxi,2009-07-12 10:37:02,8.672072012858955,0.35038422885018594
39.983003000000004,116.450772,88,taxi,2009-07-12 10:37:04,9.372840470559327,0.4786847374630412
39.982836999999996,116.450732,86,taxi,2009-07-12 10:37:06,10.330209945485409,0.31752414878949153
39.982745,116.45071399999999,87,taxi,2009-07-12 10:37:07,10.6477340942749,-0.41411049202534933
39.98265,116.45069699999999,87,taxi,2009-07-12 10:37:08,10.233623602249551,0.7144097073167952
39.982559,116.450678,87,taxi,2009-07-12 10:37:09,10.948033309566346,0.292482578433205
39.982462,116.450655,88,taxi,2009-07-12 10:37:10,11.240515887999551,2.713328829293049
39.982364000000004,116.450622,89,taxi,2009-07-12 10:37:11,13.9538447172926,-1.2527266690780046
39.982254,116.450543,92,taxi,2009-07-12 10:37:12,12.701118048214596,-1.4543184594014296
39.982146,116.45049399999999,91,taxi,2009-07-12 10:37:13,11.246799588813166,-0.3743586356799984
39.98205,116.450452,91,taxi,2009-07-12 10:37:14,10.872440953133168,-1.474228377212425
39.981959,116.450405,90,taxi,2009-07-12 10:37:15,9.398212575920743,-0.43558000428040167
39.981801000000004,116.450326,92,taxi,2009-07-12 10:37:17,8.52705256735994,0.5758324549927378
39.981654999999996,116.45026399999999,93,taxi,2009-07-12 10:37:19,9.678717477345415,0.2722130904044935
39.981495,116.450174,93,taxi,2009-07-12 10:37:21,10.223143658154402,-1.395659685339405
39.98141,116.450128,92,taxi,2009-07-12 10:37:22,8.827483972814997,-1.2661599065369256
39.981268,116.45003500000001,89,taxi,2009-07-12 10:37:24,6.295164159741146,-0.9101883614098942
39.981167,116.449968,89,taxi,2009-07-12 10:37:26,4.474787436921358,-0.13280082352165104
39.981058000000004,116.4499,89,taxi,2009-07-12 10:37:29,4.076384966356405,0.41847796372840307
39.980958,116.44984,91,taxi,2009-07-12 10:37:32,5.331818857541614,0.5905376140215486
39.98087,116.44979,92,taxi,2009-07-12 10:37:34,6.512894085584711,-0.546142804723301
39.98076,116.44973700000001,93,taxi,2009-07-12 10:37:36,5.420608476138109,-0.4835242814593643
39.980669,116.44969099999999,92,taxi,2009-07-12 10:37:38,4.45355991321938,-0.7137003137583987
39.980574,116.449595,91,taxi,2009-07-12 10:37:41,2.312458971944184,-0.21805600294660463
39.98049,116.44951499999999,84,taxi,2009-07-12 10:37:46,1.222178957211161,-0.21834278537552568
39.980442,116.44948000000001,81,taxi,2009-07-12 10:37:51,0.13046503033353268,0.02344197381921893
39.980213,116.449345,76,taxi,2009-07-12 10:41:25,5.147047427646384,0.3508467988243704
39.980129,116.449294,76,taxi,2009-07-12 10:41:27,5.848741025295125,0.08607024083487769
39.980038,116.449225,74,taxi,2009-07-12 10:41:29,6.02088150696488,0.42814458137827094
39.979943,116.449157,74,taxi,2009-07-12 10:41:31,6.877170669721422,0.882906571809277
39.979828999999995,116.44909399999999,75,taxi,2009-07-12 10:41:33,8.642983813339976,-0.042563562236622055
39.979686,116.44901399999999,73,taxi,2009-07-12 10:41:35,8.557856688866732,-0.15940945989929478
39.979541,116.44894599999999,75,taxi,2009-07-12 10:41:37,8.239037769068142,-1.2556064873055632
39.979401,116.44888200000001,76,taxi,2009-07-12 10:41:39,5.727824794457016,-0.9162363112237273
39.979301,116.448849,77,taxi,2009-07-12 10:41:41,3.895352172009561,0.6692344832801812
39.979197,116.448828,78,taxi,2009-07-12 10:41:44,5.903055621850105,1.0040147683341614
39.979104,116.448895,79,taxi,2009-07-12 10:41:46,7.911085158518428,1.310408509013476
39.979001000000004,116.449023,79,taxi,2009-07-12 10:41:48,10.53190217654538,1.336338722716924
39.978937,116.449114,80,taxi,2009-07-12 10:41:49,11.868240899262304,-0.4393377589180112
39.978867,116.449219,81,taxi,2009-07-12 10:41:50,11.428903140344293,0.48891267307926434
39.978792999999996,116.449312,81,taxi,2009-07-12 10:41:51,11.917815813423557,-0.34247886119262994
39.978726,116.449421,82,taxi,2009-07-12 10:41:52,11.575336952230927,1.0238233296977999
39.978654,116.449519,83,taxi,2009-07-12 10:41:53,12.599160281928727,2.052845472150846
39.978582,116.449633,83,taxi,2009-07-12 10:41:54,14.652005754079573,-2.179225440075461
39.978514000000004,116.44978,83,taxi,2009-07-12 10:41:55,12.472780314004112,0.9421107855796027
39.97845,116.4499,82,taxi,2009-07-12 10:41:56,13.414891099583715,0.2612605605719942
39.97838,116.450028,80,taxi,2009-07-12 10:41:57,13.676151660155709,-0.6671797992899116
39.978305,116.45015500000001,81,taxi,2009-07-12 10:41:58,13.008971860865797,-1.0253742874221707
39.978229999999996,116.450272,83,taxi,2009-07-12 10:41:59,11.983597573443626,-0.4045325264327513
39.978164,116.450383,83,taxi,2009-07-12 10:42:00,11.579065047010875,1.3712190534366986
39.978099,116.45048899999999,85,taxi,2009-07-12 10:42:01,12.950284100447574,0.4315537528082256
39.978023,116.450604,83,taxi,2009-07-12 10:42:02,13.3818378532558,0.5299357055173299
39.977942,116.45071999999999,84,taxi,2009-07-12 10:42:03,13.91177355877313,0.021942720340172528
39.977859,116.450842,83,taxi,2009-07-12 10:42:04,13.933716279113302,0.18960164674652447
39.977774,116.450962,84,taxi,2009-07-12 10:42:05,14.123317925859826,-0.1557098451612351
39.977689,116.451085,84,taxi,2009-07-12 10:42:06,13.967608080698591,0.13719552979455507
39.977607,116.451209,84,taxi,2009-07-12 10:42:07,14.104803610493146,0.12368494132084074
39.977524,116.451334,83,taxi,2009-07-12 10:42:08,14.228488551813987,-0.07465479092767424
39.977441999999996,116.451462,85,taxi,2009-07-12 10:42:09,14.153833760886313,0.5380691527759929
39.977362,116.451591,85,taxi,2009-07-12 10:42:10,14.691902913662306,-0.5405341320954395
39.977281,116.451727,85,taxi,2009-07-12 10:42:11,14.151368781566866,-0.2028673009965818
39.977202,116.451857,85,taxi,2009-07-12 10:42:12,13.948501480570284,-0.5429126598443919
39.977123999999996,116.45198500000001,87,taxi,2009-07-12 10:42:13,13.405588820725892,-0.533144985232898
39.97705,116.45210900000001,87,taxi,2009-07-12 10:42:14,12.872443835492994,-0.6156011762967317
39.976976,116.452225,86,taxi,2009-07-12 10:42:15,12.256842659196263,0.0035330399791924094
39.976907000000004,116.45233700000001,86,taxi,2009-07-12 10:42:16,12.260375699175455,0.14197555489877622
39.976836999999996,116.452448,85,taxi,2009-07-12 10:42:17,12.402351254074231,-0.14196049797899946
39.976765,116.45255900000001,84,taxi,2009-07-12 10:42:18,12.260390756095232,-0.6729747252556759
39.976695,116.45267,84,taxi,2009-07-12 10:42:19,11.587416030839556,-1.3561706400173783
39.976628000000005,116.452774,84,taxi,2009-07-12 10:42:20,10.231245390822178,-1.858569349646766
39.976569,116.45286599999999,85,taxi,2009-07-12 10:42:21,8.372676041175412,-0.34403005947733023
39.976471000000004,116.453015,87,taxi,2009-07-12 10:42:23,7.684615922220751,-0.21075599952282076
39.976386,116.453157,88,taxi,2009-07-12 10:42:25,7.26310392317511,0.6438427672378837
39.976299,116.45328400000001,86,taxi,2009-07-12 10:42:27,8.550789457650877,0.7468630461945871
39.976192,116.453428,82,taxi,2009-07-12 10:42:29,10.044515550040051,-0.5303154510482528
39.976132,116.453516,82,taxi,2009-07-12 10:42:30,9.514200098991799,-0.19911322094079775
39.976025,116.45369,81,taxi,2009-07-12 10:42:32,9.115973657110203,0.2153236765085822
39.975919,116.45385300000001,81,taxi,2009-07-12 10:42:34,9.546621010127367,0.508167484277835
39.975815000000004,116.454031,84,taxi,2009-07-12 10:42:36,10.562955978683037,-0.33875489671531156
39.975758,116.45413,84,taxi,2009-07-12 10:42:37,10.224201081967726,0.8830838104222387
39.975701,116.454224,86,taxi,2009-07-12 10:42:38,11.107284892389965,0.7442438144528669
39.975638000000004,116.454325,86,taxi,2009-07-12 10:42:39,11.851528706842831,0.6778090746799581
39.975571,116.45443300000001,86,taxi,2009-07-12 10:42:40,12.52933778152279,0.7534963320316397
39.9755,116.45454699999999,87,taxi,2009-07-12 10:42:41,13.28283411355443,0.1312122125989834
39.975423,116.45466599999999,87,taxi,2009-07-12 10:42:42,13.414046326153413,1.2853947665026038
39.975346,116.45478700000001,87,taxi,2009-07-12 10:42:43,14.699441092656016,0.7547780227830145
39.975262,116.45492,88,taxi,2009-07-12 10:42:44,15.454219115439031,0.0555260623266598
39.975172,116.45505800000001,85,taxi,2009-07-12 10:42:45,15.50974517776569,0.2691654525668259
39.975084,116.455199,85,taxi,2009-07-12 10:42:46,15.778910630332517,-0.5439568371635417
39.974995,116.455343,85,taxi,2009-07-12 10:42:47,15.234953793168975,-0.6753486230211738
39.974909999999994,116.455483,86,taxi,2009-07-12 10:42:48,14.559605170147801,-0.13291662140664506
39.974828,116.45561599999999,86,taxi,2009-07-12 10:42:49,14.426688548741156,-0.41081738752368757
39.974746,116.455747,86,taxi,2009-07-12 10:42:50,14.015871161217468,-0.6755423235803768
39.974668,116.455876,85,taxi,2009-07-12 10:42:51,13.340328837637092,-0.32474730553987285
39.974593,116.455998,84,taxi,2009-07-12 10:42:52,13.015581532097219,0.0595555556212517
39.974517,116.45611399999999,85,taxi,2009-07-12 10:42:53,13.07513708771847,-0.8180207116090799
39.974441999999996,116.456232,84,taxi,2009-07-12 10:42:54,12.25711637610939,-0.3354467582679863
39.974373,116.456344,84,taxi,2009-07-12 10:42:55,11.921669617841404,-0.2547746041989871
39.974305,116.456452,84,taxi,2009-07-12 10:42:56,11.666895013642417,0.32541753822969355
39.974236,116.45655500000001,83,taxi,2009-07-12 10:42:57,11.99231255187211,0.2801894372475182
39.974167,116.45666299999999,83,taxi,2009-07-12 10:42:58,12.272501989119629,0.6623805842869839
39.974095,116.456772,83,taxi,2009-07-12 10:42:59,12.934882573406613,0.47290467470159037
39.974022,116.45688999999999,82,taxi,2009-07-12 10:43:00,13.407787248108203,1.4885672979588183
39.97395,116.457016,82,taxi,2009-07-12 10:43:01,14.896354546067021,1.4987168448867028
39.973867,116.457153,81,taxi,2009-07-12 10:43:02,16.395071390953724,-0.6666250260030946
39.973766,116.45729299999999,81,taxi,2009-07-12 10:43:03,15.72844636495063,-0.12073071186940076
39.973674,116.45743300000001,80,taxi,2009-07-12 10:43:04,15.607715653081229,0.1247304758473824
39.973581,116.45756999999999,81,taxi,2009-07-12 10:43:05,15.732446128928611,0.32856759157292714
39.973501,116.457722,82,taxi,2009-07-12 10:43:06,16.06101372050154,0.6600280841833523
39.973408,116.457866,82,taxi,2009-07-12 10:43:07,16.72104180468489,0.4447276714802406
39.973306,116.45801000000002,82,taxi,2009-07-12 10:43:08,17.16576947616513,-0.07891536001366006
39.973203999999996,116.458161,81,taxi,2009-07-12 10:43:09,17.08685411615147,0.07894447615528222
39.973098,116.45830600000001,81,taxi,2009-07-12 10:43:10,17.165798592306754,0.5906424859364243
39.972996,116.45845700000001,81,taxi,2009-07-12 10:43:11,17.756441078243178,0.5102956634605995
39.972893,116.45861599999999,82,taxi,2009-07-12 10:43:12,18.266736741703777,0.6041196938225255
39.972783,116.458775,82,taxi,2009-07-12 10:43:13,18.870856435526303,-0.9194334139056473
39.97267,116.45893999999998,81,taxi,2009-07-12 10:43:14,17.951423021620656,2.1577927187578183
39.972559999999994,116.459094,83,taxi,2009-07-12 10:43:15,20.109215740378474,0.014961639785397551
39.972449,116.45928,88,taxi,2009-07-12 10:43:16,20.12417738016387,0.4630534515694471
39.972333,116.459461,90,taxi,2009-07-12 10:43:17,20.58723083173332,-0.2960132735668175
39.972217,116.459649,90,taxi,2009-07-12 10:43:18,20.2912175581665,0.4455873619315689
39.972096,116.459827,90,taxi,2009-07-12 10:43:19,20.73680492009807,-0.1367604394868529
39.971976,116.46001299999999,89,taxi,2009-07-12 10:43:20,20.600044480611217,-1.8403055385132916
39.971857,116.46019799999999,89,taxi,2009-07-12 10:43:21,18.759738942097925,-0.8008787654326248
39.971751,116.460369,90,taxi,2009-07-12 10:43:22,17.9588601766653,-0.5994412848593882
39.971647,116.46053,92,taxi,2009-07-12 10:43:23,17.359418891805912,-0.9644675800442819
39.971545,116.46068400000001,93,taxi,2009-07-12 10:43:24,16.39495131176163,-0.4094144515198881
39.971451,116.46083200000001,95,taxi,2009-07-12 10:43:25,15.985536860241742,-1.417249723049169
39.97136,116.460977,98,taxi,2009-07-12 10:43:26,14.568287137192574,-1.480084549296194
39.971276,116.46110800000001,100,taxi,2009-07-12 10:43:27,13.08820258789638,-0.7102832114096973
39.971199,116.461224,102,taxi,2009-07-12 10:43:28,12.377919376486682,-1.0787712117574575
39.971123,116.46133,100,taxi,2009-07-12 10:43:29,11.299148164729225,-0.05508024962965585
39.971053000000005,116.461426,98,taxi,2009-07-12 10:43:30,11.244067915099569,-0.5604184867187616
39.970989,116.461528,101,taxi,2009-07-12 10:43:31,10.683649428380807,-0.11285126050102967
39.970923,116.461619,99,taxi,2009-07-12 10:43:32,10.570798167879778,-0.4797898594375507
39.970862,116.46171399999999,100,taxi,2009-07-12 10:43:33,10.091008308442227,0.13364465529702407
39.970805,116.46180600000001,101,taxi,2009-07-12 10:43:34,10.224652963739251,0.0005806850419638465
39.970748,116.4619,101,taxi,2009-07-12 10:43:35,10.225233648781215,0.1420818675482014
39.970693,116.461996,101,taxi,2009-07-12 10:43:36,10.367315516329416,-0.6507396690326885
39.970639,116.46209499999999,102,taxi,2009-07-12 10:43:37,9.716575847296728,0.39237298588067127
39.970531,116.462274,101,taxi,2009-07-12 10:43:39,10.50132181905807,-0.07269858675743102
39.970476,116.462374,101,taxi,2009-07-12 10:43:40,10.42862323230064,-0.001435929739553643
39.970420000000004,116.46247199999999,102,taxi,2009-07-12 10:43:41,10.427187302561086,0.5443766522356537
39.970363,116.46256899999999,102,taxi,2009-07-12 10:43:42,10.97156395479674,0.7050316691235885
39.970301,116.46266899999999,102,taxi,2009-07-12 10:43:43,11.676595623920328,0.039341263094593515
39.970231,116.46277099999999,102,taxi,2009-07-12 10:43:44,11.715936887014921,-1.145070460747494
39.970165,116.462878,100,taxi,2009-07-12 10:43:45,10.570866426267427,-0.20722496920648226
39.970104,116.462973,99,taxi,2009-07-12 10:43:46,10.363641457060945,0.21371383654116727
39.970045,116.463067,98,taxi,2009-07-12 10:43:47,10.577355293602112,0.12527001417996786
39.969983,116.46316100000001,96,taxi,2009-07-12 10:43:48,10.70262530778208,0.1690305529269036
39.969922,116.46325800000001,96,taxi,2009-07-12 10:43:49,10.871655860708984,-0.24122007606044527
39.969856,116.463352,95,taxi,2009-07-12 10:43:50,10.630435784648538,0.006196068519846776
39.969798,116.463451,96,taxi,2009-07-12 10:43:51,10.636631853168385,0.34485749725737946
39.969737,116.46354699999999,96,taxi,2009-07-12 10:43:52,10.981489350425765,0.19086493645095182
39.969673,116.463645,94,taxi,2009-07-12 10:43:53,11.172354286876717,1.1529420634748622
39.969611,116.463748,92,taxi,2009-07-12 10:43:54,12.325296350351579,0.4040242628150832
39.969545000000004,116.46386399999999,91,taxi,2009-07-12 10:43:55,12.729320613166662,-0.06271468185165574
39.969475,116.463982,88,taxi,2009-07-12 10:43:56,12.666605931315006,0.20668054783632428
39.969408,116.464102,89,taxi,2009-07-12 10:43:57,12.87328647915133,0.417057719117107
39.969334,116.46421799999999,88,taxi,2009-07-12 10:43:58,13.290344198268437,0.4763154379639172
39.969256,116.46433600000002,87,taxi,2009-07-12 10:43:59,13.766659636232355,-0.5483848732519334
39.969175,116.46445800000001,86,taxi,2009-07-12 10:44:00,13.218274762980421,1.299431913273711
39.969097999999995,116.464576,87,taxi,2009-07-12 10:44:01,14.517706676254132,-0.35373352715806483
39.969012,116.464704,86,taxi,2009-07-12 10:44:02,14.163973149096067,-0.12272373979836182
39.96893,116.464831,85,taxi,2009-07-12 10:44:03,14.041249409297706,-0.07261524048250045
39.968847,116.464955,84,taxi,2009-07-12 10:44:04,13.968634168815205,9.517028452421528e-06
39.968765000000005,116.465079,83,taxi,2009-07-12 10:44:05,13.968643685843658,-0.2219548983307984
39.968683,116.465203,81,taxi,2009-07-12 10:44:06,13.74668878751286,-0.3398781014086314
39.968606,116.465329,79,taxi,2009-07-12 10:44:07,13.406810686104228,0.8668920109150378
39.968533,116.46545400000001,79,taxi,2009-07-12 10:44:08,14.273702697019266,0.18973719841199
39.968446,116.465577,77,taxi,2009-07-12 10:44:09,14.463439895431256,1.2498883637784495
39.968359,116.465703,76,taxi,2009-07-12 10:44:10,15.713328259209705,-0.347436696106163
39.968270000000004,116.465846,82,taxi,2009-07-12 10:44:11,15.365891563103542,0.7832503025945918
39.968176,116.465978,81,taxi,2009-07-12 10:44:12,16.149141865698134,-0.6573911204305425
39.96808,116.46611999999999,83,taxi,2009-07-12 10:44:13,15.491750745267591,-0.17352331297938584
39.967985999999996,116.466254,81,taxi,2009-07-12 10:44:14,15.318227432288205,0.06017652390438322
39.967897,116.46639099999999,83,taxi,2009-07-12 10:44:15,15.378403956192589,0.2654096058585296
39.967809,116.46653,85,taxi,2009-07-12 10:44:16,15.643813562051118,-0.5382965181449642
39.967721000000004,116.466673,86,taxi,2009-07-12 10:44:17,15.105517043906154,-0.8142331081836005
39.967634999999994,116.46681000000001,88,taxi,2009-07-12 10:44:18,14.291283935722554,-0.6029904379945012
39.967554,116.46694,89,taxi,2009-07-12 10:44:19,13.688293497728052,-0.3977439812610726
39.967475,116.46706299999998,90,taxi,2009-07-12 10:44:20,13.29054951646698,-0.5481145604483242
39.967397,116.46718100000001,91,taxi,2009-07-12 10:44:21,12.742434956018656,-0.5249928169476306
39.967323,116.467295,93,taxi,2009-07-12 10:44:22,12.217442139071025,-0.1461769289006405
39.96725,116.467402,94,taxi,2009-07-12 10:44:23,12.071265210170385,0.05847096406186303
39.967178999999994,116.467509,94,taxi,2009-07-12 10:44:24,12.129736174232248,0.7438037869922471
39.967109,116.46761799999999,95,taxi,2009-07-12 10:44:25,12.873539961224495,-0.1240029813083563
39.967034999999996,116.46773400000001,95,taxi,2009-07-12 10:44:26,12.749536979916138,0.05343751815785325
39.96696,116.46784699999999,95,taxi,2009-07-12 10:44:27,12.802974498073992,0.35850050551202806
39.966887,116.46796299999998,95,taxi,2009-07-12 10:44:28,13.16147500358602,-0.007980108696786559
39.966809000000005,116.468079,96,taxi,2009-07-12 10:44:29,13.153494894889233,0.460042250962859
39.966732,116.46819599999999,98,taxi,2009-07-12 10:44:30,13.613537145852092,-0.04845835427142475
39.966654999999996,116.46831999999999,101,taxi,2009-07-12 10:44:31,13.565078791580667,-0.013377471814981945
39.966575,116.46843999999999,101,taxi,2009-07-12 10:44:32,13.551701319765685,0.15070205020164984
39.966497,116.468562,102,taxi,2009-07-12 10:44:33,13.702403369967335,0.07314244883362697
39.966415999999995,116.46868300000001,101,taxi,2009-07-12 10:44:34,13.775545818800962,0.859101278466774
39.966334,116.468804,101,taxi,2009-07-12 10:44:35,14.634647097267736,-0.6657115795073896
39.96625,116.46893600000001,103,taxi,2009-07-12 10:44:36,13.968935517760347,-0.19336192482083803
39.966167999999996,116.46906000000001,104,taxi,2009-07-12 10:44:37,13.775573592939509,-0.4309412979085252
39.966086,116.469181,103,taxi,2009-07-12 10:44:38,13.344632295030983,-0.26853957331237055
39.96601,116.469302,104,taxi,2009-07-12 10:44:39,13.076092721718613,-0.06574797867525106
39.965934999999995,116.46942,104,taxi,2009-07-12 10:44:40,13.010344743043362,0.5414394049050202
39.96586,116.46953700000002,105,taxi,2009-07-12 10:44:41,13.551784147948382,0.14299301036750656
39.965782,116.46965900000001,105,taxi,2009-07-12 10:44:42,13.694777158315889,-0.3116346133475787
39.965702,116.46978100000001,106,taxi,2009-07-12 10:44:43,13.38314254496831,0.032032306903028385
39.965621,116.469897,104,taxi,2009-07-12 10:44:44,13.415174851871338,-0.47557496912136266
39.965544,116.470018,103,taxi,2009-07-12 10:44:45,12.939599882749976,8.258600347588185e-06
39.96547,116.47013500000001,103,taxi,2009-07-12 10:44:46,12.939608141350323,-0.9234555897106986
39.965396000000005,116.470252,103,taxi,2009-07-12 10:44:47,12.016152551639625,-0.7518209581484783
39.965324,116.470357,104,taxi,2009-07-12 10:44:48,11.264331593491146,0.9370471028016354
39.965257,116.470456,102,taxi,2009-07-12 10:44:49,12.201378696292782,0.7502955159503735
39.965185999999996,116.470565,103,taxi,2009-07-12 10:44:50,12.951674212243155,-0.6600702546293444
39.965109999999996,116.47068,102,taxi,2009-07-12 10:44:51,12.29160395761381,2.3099981028257375
39.965036,116.47078700000002,100,taxi,2009-07-12 10:44:52,14.601602060439548,0.45750065238945226
39.964948,116.470914,95,taxi,2009-07-12 10:44:53,15.059102712829,-0.22181093526422302
39.964859000000004,116.471047,92,taxi,2009-07-12 10:44:54,14.837291777564777,0.005374245037307546
39.964774,116.471181,89,taxi,2009-07-12 10:44:55,14.842666022602085,-0.5344193211642416
39.964688,116.47131399999999,88,taxi,2009-07-12 10:44:56,14.308246701437843,-1.493635605973198
39.964604,116.471441,87,taxi,2009-07-12 10:44:57,12.814611095464645,-0.9579249082486871
39.964529,116.47155500000001,87,taxi,2009-07-12 10:44:58,11.856686187215958,-0.06574304216031379
39.964461,116.47166200000001,86,taxi,2009-07-12 10:44:59,11.790943145055644,0.34543908286860336
39.964393,116.471768,85,taxi,2009-07-12 10:45:00,12.136382227924248,0.4762546384969504
39.964321999999996,116.471876,85,taxi,2009-07-12 10:45:01,12.612636866421198,0.2670708114246221
39.964248,116.47198799999998,85,taxi,2009-07-12 10:45:02,12.87970767784582,0.007380778847203118
39.964172999999995,116.472103,85,taxi,2009-07-12 10:45:03,12.887088456693023,-0.12864939186337487
39.964096999999995,116.47221699999999,84,taxi,2009-07-12 10:45:04,12.758439064829648,-0.14577064193000489
39.964021,116.472329,83,taxi,2009-07-12 10:45:05,12.612668422899644,0.4209365968126715
39.963947,116.47244099999999,83,taxi,2009-07-12 10:45:06,13.033605019712315,-0.3559765828176733
39.963869,116.472555,82,taxi,2009-07-12 10:45:07,12.677628436894642,0.6065216185104436
39.963795000000005,116.472668,82,taxi,2009-07-12 10:45:08,13.284150055405085,0.33910802143567764
39.963718,116.47278700000001,84,taxi,2009-07-12 10:45:09,13.623258076840763,0.20226814726571085
39.963639,116.472909,87,taxi,2009-07-12 10:45:10,13.825526224106474,-0.46961847716415406
39.963559000000004,116.473033,87,taxi,2009-07-12 10:45:11,13.35590774694232,-0.5411765861221944
39.963481,116.473152,87,taxi,2009-07-12 10:45:12,12.814731160820125,-0.3953432679668083
39.963406,116.473266,87,taxi,2009-07-12 10:45:13,12.419387892853317,0.25217454061152367
39.963332,116.473375,89,taxi,2009-07-12 10:45:14,12.67156243346484,0.33907927101482294
39.963259,116.47348899999999,89,taxi,2009-07-12 10:45:15,13.010641704479664,0.33103940149982414
39.963184000000005,116.473606,88,taxi,2009-07-12 10:45:16,13.341681105979488,0.014276944067972863
39.963109,116.47372800000001,87,taxi,2009-07-12 10:45:17,13.35595805004746,-0.6059983729283189
39.963031,116.47384699999999,85,taxi,2009-07-12 10:45:18,12.749959677119142,0.46900581478082337
39.962956,116.47396,85,taxi,2009-07-12 10:45:19,13.218965491899965,0.4043892495622323
39.962879,116.474078,84,taxi,2009-07-12 10:45:20,13.623354741462197,0.345981088655682
39.9628,116.4742,84,taxi,2009-07-12 10:45:21,13.96933583011788,0.4208487935607046
39.962718,116.474324,84,taxi,2009-07-12 10:45:22,14.390184623678584,0.2015587125681062
39.962632,116.47445,83,taxi,2009-07-12 10:45:23,14.59174333624669,0.6248728500245928
39.962545,116.47457800000001,83,taxi,2009-07-12 10:45:24,15.216616186271283,0.39252121280405383
39.962453000000004,116.47471000000002,82,taxi,2009-07-12 10:45:25,15.609137399075337,0.05593293626553475
39.96236,116.474847,81,taxi,2009-07-12 10:45:26,15.665070335340872,0.8081989846921722
39.962268,116.47498600000002,81,taxi,2009-07-12 10:45:27,16.473269320033044,0.26748625474201404
39.962171999999995,116.47513300000001,80,taxi,2009-07-12 10:45:28,16.740755574775058,0.21623485665121933
39.962075,116.475283,79,taxi,2009-07-12 10:45:29,16.956990431426277,-0.6695381467459462
39.961975,116.47543300000001,80,taxi,2009-07-12 10:45:30,16.28745228468033,-0.34785577681431334
39.961878000000006,116.475576,80,taxi,2009-07-12 10:45:31,15.939596507866018,-0.476384853482843
39.961784,116.47571699999999,83,taxi,2009-07-12 10:45:32,15.463211654383175,-1.0174095258305407
39.961693,116.475854,84,taxi,2009-07-12 10:45:33,14.445802128552634,-0.8071960048260483
39.961608,116.475982,89,taxi,2009-07-12 10:45:34,13.638606123726586,-0.7951727161724822
39.961527000000004,116.476102,92,taxi,2009-07-12 10:45:35,12.843433407554103,-0.23049532945394624
39.961449,116.47621299999999,91,taxi,2009-07-12 10:45:36,12.612938078100157,0.28333284376597767
39.961375,116.476325,88,taxi,2009-07-12 10:45:37,12.896270921866135,-0.1274239370712813
39.961298,116.47643799999999,89,taxi,2009-07-12 10:45:38,12.768846984794854,1.0414362104735453
39.961221,116.476549,90,taxi,2009-07-12 10:45:39,13.810283195268399,1.154949036512173
39.961135999999996,116.47666699999999,92,taxi,2009-07-12 10:45:40,14.965232231780572,-0.6276715568627758
39.961044,116.476795,88,taxi,2009-07-12 10:45:41,14.337560674917796,0.16447963915072705
39.960957,116.476919,89,taxi,2009-07-12 10:45:42,14.502040314068523,-0.1384041563478533
39.960867,116.477042,89,taxi,2009-07-12 10:45:43,14.36363615772067,-0.46217487106892285
39.960778000000005,116.47716399999999,88,taxi,2009-07-12 10:45:44,13.901461286651747,0.4003070563967359
39.960691,116.477281,86,taxi,2009-07-12 10:45:45,14.301768343048483,-0.22709019329258595
39.960602,116.477402,85,taxi,2009-07-12 10:45:46,14.074678149755897,-0.07860681335021269
39.960512,116.47751799999999,85,taxi,2009-07-12 10:45:47,13.996071336405684,-0.23990279496481826
39.960423,116.47763400000001,87,taxi,2009-07-12 10:45:48,13.756168541440866,-0.0546500102824492
39.960334,116.477746,88,taxi,2009-07-12 10:45:49,13.701518531158417,-0.7201679364979245
39.960248,116.477861,90,taxi,2009-07-12 10:45:50,12.981350594660492,-0.29545342420388643
39.960165,116.47796799999999,90,taxi,2009-07-12 10:45:51,12.685897170456606,-0.39922738998880014
39.960085,116.47807399999999,89,taxi,2009-07-12 10:45:52,12.286669780467806,-0.07938762029671942
39.960007,116.478176,90,taxi,2009-07-12 10:45:53,12.207282160171086,-0.42870287399489904
39.959927,116.478274,91,taxi,2009-07-12 10:45:54,11.778579286176187,-0.27939973215623404
39.959848,116.478366,91,taxi,2009-07-12 10:45:55,11.499179554019953,-0.640688164056499
39.959771,116.47845600000001,91,taxi,2009-07-12 10:45:56,10.858491389963454,-0.3115532689645768
39.959699,116.47854199999999,92,taxi,2009-07-12 10:45:57,10.546938120998878,0.36290814021855056
39.959628,116.478624,92,taxi,2009-07-12 10:45:58,10.909846261217428,0.3439001705077409
39.959554,116.47870800000001,91,taxi,2009-07-12 10:45:59,11.253746431725169,0.46801485506393625
39.95948,116.478798,91,taxi,2009-07-12 10:46:00,11.721761286789105,5.8445010679974985e-06
39.959401,116.478889,93,taxi,2009-07-12 10:46:01,11.721767131290173,-0.13975762865851138
39.959322,116.47898,91,taxi,2009-07-12 10:46:02,11.582009502631662,-0.5821803146886548
39.959244,116.47907,94,taxi,2009-07-12 10:46:03,10.999829187943007,0.583015543692273
39.959167,116.479151,94,taxi,2009-07-12 10:46:04,11.58284473163528,0.6775941328450177
39.959087,116.479238,96,taxi,2009-07-12 10:46:05,12.260438864480298,0.1079083479749432
39.959001,116.47932800000001,96,taxi,2009-07-12 10:46:06,12.368347212455241,0.3660376296319594
39.958915000000005,116.47941999999999,96,taxi,2009-07-12 10:46:07,12.7343848420872,-0.947594548944231
39.958826,116.479514,96,taxi,2009-07-12 10:46:08,11.78679029314297,0.5603460803069655
39.958743,116.4796,96,taxi,2009-07-12 10:46:09,12.347136373449935,0.4390259540514414
39.958656,116.47968999999999,98,taxi,2009-07-12 10:46:10,12.786162327501376,0.19168102970621703
39.958564,116.47978,98,taxi,2009-07-12 10:46:11,12.977843357207593,0.5088200839249701
39.958471,116.479872,99,taxi,2009-07-12 10:46:12,13.486663441132563,0.4191693514618997
39.958374,116.47996699999999,99,taxi,2009-07-12 10:46:13,13.905832792594463,0.028201849941769552
39.958281,116.480076,98,taxi,2009-07-12 10:46:14,13.934034642536233,0.2759914443911242
39.958179,116.480171,99,taxi,2009-07-12 10:46:15,14.210026086927357,0.8047366947106305
39.958069,116.48025600000001,103,taxi,2009-07-12 10:46:16,15.014762781637987,0.1041893871886721
39.95796,116.48036,105,taxi,2009-07-12 10:46:17,15.11895216882666,0.5699617338006551
39.957840999999995,116.480446,108,taxi,2009-07-12 10:46:18,15.688913902627315,0.2364575295660103
39.957722,116.48054499999999,110,taxi,2009-07-12 10:46:19,15.925371432193325,0.4313694338043934
39.9576,116.48064299999999,114,taxi,2009-07-12 10:46:20,16.35674086599772,0.1492062186459826
39.957473,116.48074,116,taxi,2009-07-12 10:46:21,16.5059470846437,0.3501630790545356
39.957344,116.48083600000001,114,taxi,2009-07-12 10:46:22,16.856110163698236,0.14979090243283721
39.957215000000005,116.48093999999999,118,taxi,2009-07-12 10:46:23,17.005901066131074,-0.5696736319504971
39.95708,116.48103400000001,116,taxi,2009-07-12 10:46:24,16.436227434180577,0.17438345739675398
39.95695,116.481126,115,taxi,2009-07-12 10:46:25,16.61061089157733,-0.11722956088063441
39.956817,116.48121499999999,114,taxi,2009-07-12 10:46:26,16.493381330696696,0.3929853908617247
39.956686,116.481306,113,taxi,2009-07-12 10:46:27,16.88636672155842,-0.35251578305663145
39.956551,116.481397,112,taxi,2009-07-12 10:46:28,16.53385093850179,-0.021849458982813985
39.95642,116.481489,112,taxi,2009-07-12 10:46:29,16.512001479518975,0.4730235758793633
39.956288,116.481578,111,taxi,2009-07-12 10:46:30,16.98502505539834,-0.019259097425194938
39.956152,116.481669,111,taxi,2009-07-12 10:46:31,16.965765957973144,0.04095861179314042
39.956016999999996,116.48176200000002,110,taxi,2009-07-12 10:46:32,17.006724569766284,0.06157562861953636
39.95588,116.481851,109,taxi,2009-07-12 10:46:33,17.06830019838582,0.19022076132297627
39.955742,116.48193899999998,110,taxi,2009-07-12 10:46:34,17.258520959708797,0.3382454630358467
39.955601,116.482024,108,taxi,2009-07-12 10:46:35,17.596766422744643,-0.44218893700148243
39.955457,116.48211,107,taxi,2009-07-12 10:46:36,17.15457748574316,-0.529246233149383
39.955314,116.48218600000001,104,taxi,2009-07-12 10:46:37,16.625331252593778,0.02127384433450885
39.955174,116.48225500000001,102,taxi,2009-07-12 10:46:38,16.646605096928287,-0.5391468234205625
39.955034999999995,116.48232800000001,101,taxi,2009-07-12 10:46:39,16.107458273507724,-0.26532953284276495
39.9549,116.48239699999999,100,taxi,2009-07-12 10:46:40,15.84212874066496,0.1433874516198781
39.954765,116.48245700000001,98,taxi,2009-07-12 10:46:41,15.985516192284837,-0.9108232070359836
39.95463,116.482522,99,taxi,2009-07-12 10:46:42,15.074692985248854,1.2671577492302095
39.954501,116.482577,97,taxi,2009-07-12 10:46:43,16.341850734479063,0.19288645696637374
39.954361,116.48263600000001,95,taxi,2009-07-12 10:46:44,16.534737191445437,-0.3674021361708881
39.954218,116.48268999999999,92,taxi,2009-07-12 10:46:45,16.16733505527455,-0.8766878143160675
39.954078,116.48274199999999,91,taxi,2009-07-12 10:46:46,15.290647240958481,-0.6285804048119861
39.953946,116.48279299999999,90,taxi,2009-07-12 10:46:47,14.662066836146495,-0.6485763915751068
39.953819,116.48284,90,taxi,2009-07-12 10:46:48,14.013490444571389,0.9281428626260908
39.953697,116.482882,89,taxi,2009-07-12 10:46:49,14.94163330719748,-0.10806648880756775
39.953565999999995,116.482922,85,taxi,2009-07-12 10:46:50,14.833566818389912,0.7702422937984075
39.953435999999996,116.48296200000001,83,taxi,2009-07-12 10:46:51,15.60380911218832,0.2038488912061336
39.9533,116.48300800000001,82,taxi,2009-07-12 10:46:52,15.807658003394453,0.8510576490823762
39.953161,116.483048,81,taxi,2009-07-12 10:46:53,16.65871565247683,0.40289265128756213
39.953014,116.48308700000001,81,taxi,2009-07-12 10:46:54,17.06160830376439,0.4065646658890998
39.952863,116.483124,80,taxi,2009-07-12 10:46:55,17.46817296965349,0.3127118543389926
39.952708,116.48315900000001,81,taxi,2009-07-12 10:46:56,17.780884823992483,0.2013294116781772
39.952551,116.4832,80,taxi,2009-07-12 10:46:57,17.98221423567066,-0.46832446263950445
39.952391999999996,116.48324,79,taxi,2009-07-12 10:46:58,17.513889773031156,-0.4679060343117598
39.952237,116.483278,78,taxi,2009-07-12 10:46:59,17.045983738719396,0.05123500710315554
39.952086,116.483314,77,taxi,2009-07-12 10:47:00,17.097218745822552,-0.09562973255543028
39.951934,116.483346,77,taxi,2009-07-12 10:47:01,17.00158901326712,-0.6023433021823053
39.951783,116.483379,77,taxi,2009-07-12 10:47:02,16.399245711084816,-0.5349858209379512
39.951637,116.48340800000001,78,taxi,2009-07-12 10:47:03,15.864259890146865,-0.14924364704791238
39.951496,116.48343799999999,76,taxi,2009-07-12 10:47:04,15.715016243098953,-0.06986294040046026
39.951356,116.483465,75,taxi,2009-07-12 10:47:05,15.645153302698493,-0.601659708075692
39.951217,116.48349499999999,76,taxi,2009-07-12 10:47:06,15.0434935946228,0.11886194007506745
39.951083000000004,116.483521,78,taxi,2009-07-12 10:47:07,15.162355534697868,0.3477892760984176
39.950947,116.48353700000001,78,taxi,2009-07-12 10:47:08,15.510144810796286,0.24812101028700262
39.950808,116.48355500000001,78,taxi,2009-07-12 10:47:09,15.758265821083288,-0.3953984575946876
39.950666999999996,116.483576,80,taxi,2009-07-12 10:47:10,15.3628673634886,0.21563561387179497
39.950528999999996,116.483589,81,taxi,2009-07-12 10:47:11,15.578502977360396,0.4431978734782458
39.950389,116.48360100000001,84,taxi,2009-07-12 10:47:12,16.02170085083864,0.8729329826109868
39.950245,116.48361299999999,86,taxi,2009-07-12 10:47:13,16.894633833449628,0.6894334241586186
39.950093,116.483622,86,taxi,2009-07-12 10:47:14,17.584067257608247,-0.1415206270924969
39.949934999999996,116.483636,86,taxi,2009-07-12 10:47:15,17.44254663051575,0.12157393074009093
39.949778,116.48364299999999,87,taxi,2009-07-12 10:47:16,17.56412056125584,-0.01892866318666364
39.94962,116.483653,87,taxi,2009-07-12 10:47:17,17.545191898069177,0.44246401655732015
39.949462,116.48365600000001,88,taxi,2009-07-12 10:47:18,17.987655914626497,0.33469115894274637
39.9493,116.483655,89,taxi,2009-07-12 10:47:19,18.322347073569244,-0.11282787095294822
39.949135,116.483652,91,taxi,2009-07-12 10:47:20,18.209519202616296,0.4443298289449302
39.948971,116.483652,92,taxi,2009-07-12 10:47:21,18.653849031561226,0.4469972573633427
39.948803000000005,116.483653,91,taxi,2009-07-12 10:47:22,19.10084628892457,0.33173263222125016
39.948631,116.483649,89,taxi,2009-07-12 10:47:23,19.43257892114582,0.11849566461214067
39.948456,116.483652,86,taxi,2009-07-12 10:47:24,19.55107458575796,0.10355133463626487
39.94828,116.483659,84,taxi,2009-07-12 10:47:25,19.654625920394224,-0.4304153976245715
39.948103,116.48365600000001,86,taxi,2009-07-12 10:47:26,19.224210522769653,-0.014632070852027113
39.94793,116.48366499999999,86,taxi,2009-07-12 10:47:27,19.209578451917626,-0.33366838200657867
39.947757,116.483667,85,taxi,2009-07-12 10:47:28,18.875910069911047,-0.21912935835337066
39.947587,116.48366599999999,89,taxi,2009-07-12 10:47:29,18.656780711557676,-0.22500155868757687
39.947419000000004,116.48366200000001,88,taxi,2009-07-12 10:47:30,18.4317791528701,0.33290220023100403
39.947253,116.48366100000001,89,taxi,2009-07-12 10:47:31,18.764681353101103,-0.11025112583939745
39.947084000000004,116.48366100000001,90,taxi,2009-07-12 10:47:32,18.654430227261706,-0.33368508370064376
39.946915999999995,116.483659,92,taxi,2009-07-12 10:47:33,18.320745143561062,0.11400346218130153
39.946751,116.48366000000001,92,taxi,2009-07-12 10:47:34,18.434748605742364,0.10963572856161008
39.946585,116.48366399999999,96,taxi,2009-07-12 10:47:35,18.544384334303974,0.11415423381644985
39.946418,116.48366100000001,97,taxi,2009-07-12 10:47:36,18.658538568120424,-0.33082048593956515
39.94625,116.48366599999999,98,taxi,2009-07-12 10:47:37,18.32771808218086,-0.33296846615968434
39.946085,116.483672,98,taxi,2009-07-12 10:47:38,17.994749616021174,-0.34040848531314793
39.945923,116.483678,98,taxi,2009-07-12 10:47:39,17.654341130708026,0.3363483234714515
39.945764000000004,116.483678,99,taxi,2009-07-12 10:47:40,17.990689454179478,0.23505562804213653
39.945602,116.483674,98,taxi,2009-07-12 10:47:41,18.225745082221614,0.542043943225508
39.945438,116.48366499999999,96,taxi,2009-07-12 10:47:42,18.767789025447122,0.44178064204365697
39.945269,116.48366100000001,95,taxi,2009-07-12 10:47:43,19.20956966749078,0.2243129895583884
39.945096,116.48366299999999,95,taxi,2009-07-12 10:47:44,19.433882657049168,-0.21823159401763448
39.944921,116.483667,96,taxi,2009-07-12 10:47:45,19.215651063031533,-0.006843572040224899
39.944748,116.483673,101,taxi,2009-07-12 10:47:46,19.20880749099131,-0.09879970066402777
39.944575,116.483673,102,taxi,2009-07-12 10:47:47,19.11000779032728,-0.34514107219267487
39.944403,116.48366499999999,101,taxi,2009-07-12 10:47:48,18.764866718134606,-0.5545607559617487
39.944234,116.48366399999999,101,taxi,2009-07-12 10:47:49,18.210305962172857,0.2212643926813449
39.94407,116.48366200000001,100,taxi,2009-07-12 10:47:50,18.431570354854202,-0.22186707807183836
39.943903999999996,116.48366200000001,100,taxi,2009-07-12 10:47:51,18.209703276782363,0.33467207983171576
39.943740000000005,116.48366299999999,103,taxi,2009-07-12 10:47:52,18.54437535661408,0.10945628713850653
39.943573,116.48366599999999,103,taxi,2009-07-12 10:47:53,18.653831643752586,0.33367368105702866
39.943405,116.48366499999999,104,taxi,2009-07-12 10:47:54,18.987505324809614,0.01153648002911467
39.943234000000004,116.48366299999999,104,taxi,2009-07-12 10:47:55,18.99904180483873,-0.2335955621000707
39.943063,116.483655,103,taxi,2009-07-12 10:47:56,18.76544624273866,-0.000584413824277874
39.942894,116.48365700000001,104,taxi,2009-07-12 10:47:57,18.76486182891438,-0.6661945578726645
39.942725,116.48365600000001,104,taxi,2009-07-12 10:47:58,18.098667271041716,-0.3314527714974922
39.942562,116.483655,100,taxi,2009-07-12 10:47:59,17.767214499544224,0.11102154817960042
39.942402,116.483652,97,taxi,2009-07-12 10:48:00,17.878236047723824,0.5582815496444375
39.942240999999996,116.483655,96,taxi,2009-07-12 10:48:01,18.436517597368262,0.43995439885998167
39.942075,116.48365,94,taxi,2009-07-12 10:48:02,18.876471996228243,0.44638398053059447
39.941905,116.483652,93,taxi,2009-07-12 10:48:03,19.322855976758838,-0.11386837979231501
39.941731,116.483648,92,taxi,2009-07-12 10:48:04,19.208987596966523,-0.3330977354128315
39.941558,116.483649,91,taxi,2009-07-12 10:48:05,18.87588986155369,0.11160888284952364
39.941388,116.483648,90,taxi,2009-07-12 10:48:06,18.987498744403215,0.22148714923591584
39.941217,116.483646,88,taxi,2009-07-12 10:48:07,19.20898589363913,-0.22148827044529185
39.941044,116.48364699999999,87,taxi,2009-07-12 10:48:08,18.98749762319384,-0.222836985069101
39.940872999999996,116.483645,87,taxi,2009-07-12 10:48:09,18.764660638124738,-0.10790150806908727
39.940704,116.483645,86,taxi,2009-07-12 10:48:10,18.65675913005565,0.025040918629180453
39.940536,116.48364099999999,86,taxi,2009-07-12 10:48:11,18.68180004868483,0.08363750751209764
39.940368,116.48362900000001,79,taxi,2009-07-12 10:48:12,18.76543755619693,0.11102835608901174
39.940199,116.483627,79,taxi,2009-07-12 10:48:13,18.87646591228594,-0.21324959107979424
39.940028999999996,116.48362900000001,79,taxi,2009-07-12 10:48:14,18.663216321206146,-0.009396637538163333
39.939861,116.483622,79,taxi,2009-07-12 10:48:15,18.653819683667983,0.22206409573940888
39.939693,116.483623,80,taxi,2009-07-12 10:48:16,18.875883779407392,0.33309649488048976
39.939523,116.483624,79,taxi,2009-07-12 10:48:17,19.20898027428788,-0.10644344549600859
39.93935,116.483623,80,taxi,2009-07-12 10:48:18,19.102536828791873,-0.3371031098869679
39.939178000000005,116.483628,80,taxi,2009-07-12 10:48:19,18.765433718904905,0.2243655198617347
39.939009000000006,116.483626,82,taxi,2009-07-12 10:48:20,18.98979923876664,-0.0013470005106661631
39.938838,116.483622,83,taxi,2009-07-12 10:48:21,18.988452238255974,-0.21426321056152986
39.938666999999995,116.48361899999999,84,taxi,2009-07-12 10:48:22,18.774189027694444,-0.563901003603366
39.938497999999996,116.48361200000001,84,taxi,2009-07-12 10:48:23,18.210288024091078,-0.999254928162923
39.938334000000005,116.48361000000001,85,taxi,2009-07-12 10:48:24,17.211033095928155,-0.4441117382990143
39.938179,116.483608,85,taxi,2009-07-12 10:48:25,16.76692135762914,-0.21742003842222601
39.938028,116.48360600000001,86,taxi,2009-07-12 10:48:26,16.549501319206914,0.553065592396667
39.937878999999995,116.48361100000001,88,taxi,2009-07-12 10:48:27,17.10256691160358,0.2194923783546976
39.937725,116.483607,85,taxi,2009-07-12 10:48:28,17.32205928995828,-0.33200922892467233
39.937569,116.48360500000001,87,taxi,2009-07-12 10:48:29,16.990050061033607,-0.22313089771459005
39.937416,116.483608,90,taxi,2009-07-12 10:48:30,16.766919163319017,-0.6650306253593818
39.937265000000004,116.48360600000001,90,taxi,2009-07-12 10:48:31,16.101888537959635,-0.8900694418228383
39.93712,116.483609,90,taxi,2009-07-12 10:48:32,15.211819096136797,-0.22011429513307057
39.936983000000005,116.483608,90,taxi,2009-07-12 10:48:33,14.991704801003726,-0.7753156423445766
39.936848,116.48361100000001,91,taxi,2009-07-12 10:48:34,14.21638915865915,0.6819614295419871
39.93672,116.48361499999999,92,taxi,2009-07-12 10:48:35,14.898350588201136,0.647267131251855
39.936586,116.48360600000001,92,taxi,2009-07-12 10:48:36,15.545617719452991,0.565340301267323
39.936446000000004,116.483604,92,taxi,2009-07-12 10:48:37,16.110958020720314,-0.010887075598819962
39.936301,116.483597,91,taxi,2009-07-12 10:48:38,16.100070945121495,-0.22022368247025703
39.936156,116.48359599999999,94,taxi,2009-07-12 10:48:39,15.879847262651237,0.44228659699678197
39.936013,116.483599,96,taxi,2009-07-12 10:48:40,16.32213385964802,0.11280967192745095
39.935866,116.4836,96,taxi,2009-07-12 10:48:41,16.43494353157547,0.1169793541738322
39.935718,116.483597,96,taxi,2009-07-12 10:48:42,16.551922885749303,0.43704636036197186
39.935569,116.48359099999999,95,taxi,2009-07-12 10:48:43,16.988969246111274,-0.22270944231527778
39.935416,116.483589,96,taxi,2009-07-12 10:48:44,16.766259803795997,-0.11037440134495924
39.935265,116.48358999999999,96,taxi,2009-07-12 10:48:45,16.655885402451037,0.5545014407452946
39.935115,116.48358799999998,96,taxi,2009-07-12 10:48:46,17.210386843196332,-0.11039157724782456
39.93496,116.48358700000001,96,taxi,2009-07-12 10:48:47,17.099995265948507,-0.5293259598958393
39.934806,116.483585,96,taxi,2009-07-12 10:48:48,16.570669306052668,-0.24674890591809273
39.934657,116.48359599999999,99,taxi,2009-07-12 10:48:49,16.323920400134575,-0.8902815582895762
39.934509999999996,116.483599,101,taxi,2009-07-12 10:48:50,15.433638841845,-0.9929750777128259
39.934371,116.483599,101,taxi,2009-07-12 10:48:51,14.440663764132173,-1.0031793165355918
39.934241,116.483604,104,taxi,2009-07-12 10:48:52,13.437484447596582,-0.664070731744486
39.93412,116.48360100000001,103,taxi,2009-07-12 10:48:53,12.773413715852096,-0.11301311502643685
39.934005,116.48360500000001,106,taxi,2009-07-12 10:48:54,12.660400600825659,0.22967587475060647
39.933890999999996,116.483602,102,taxi,2009-07-12 10:48:55,12.890076475576265,-0.009923198675982903
39.933775,116.48359599999999,98,taxi,2009-07-12 10:48:56,12.880153276900282,0.5559704912574102
39.933659000000006,116.483595,100,taxi,2009-07-12 10:48:57,13.436123768157692,-0.3297275168538558
39.933538,116.483593,98,taxi,2009-07-12 10:48:58,13.106396251303837,-0.3372746456792246
39.93342,116.483597,97,taxi,2009-07-12 10:48:59,12.769121605624612,-0.3330926370881162
39.933305,116.48359599999999,100,taxi,2009-07-12 10:49:00,12.436028968536496,0.0023495902071299923
39.933193,116.483597,101,taxi,2009-07-12 10:49:01,12.438378558743626,0.10955411779382551
39.933081,116.483594,101,taxi,2009-07-12 10:49:02,12.547932676537451,0.23919926061583574
39.932968,116.48359599999999,104,taxi,2009-07-12 10:49:03,12.787131937153287,0.31508116741046166
39.932853,116.483604,103,taxi,2009-07-12 10:49:04,13.102213104563749,-0.11103122167883406
39.932735,116.48360500000001,104,taxi,2009-07-12 10:49:05,12.991181882884915,-0.11131480854088238
39.932618,116.483604,104,taxi,2009-07-12 10:49:06,12.879867074344032,0.0011342494259700686
39.932502,116.483604,105,taxi,2009-07-12 10:49:07,12.881001323770002,-0.22291281585647127
39.932386,116.48360600000001,105,taxi,2009-07-12 10:49:08,12.658088507913531,-0.3330924359395979
39.932272,116.48360500000001,105,taxi,2009-07-12 10:49:09,12.324996071973933,0.0023708315084398635
39.932161,116.48360600000001,105,taxi,2009-07-12 10:49:10,12.327366903482373,0.6646570568204861
39.93205,116.483603,104,taxi,2009-07-12 10:49:11,12.992023960302859,0.110187066451358
39.931933,116.48360500000001,103,taxi,2009-07-12 10:49:12,13.102211026754217,-0.11018758704107867
39.931815,116.48360600000001,99,taxi,2009-07-12 10:49:13,12.992023439713138,-0.4449671949006131
39.931698,116.483608,98,taxi,2009-07-12 10:49:14,12.547056244812525,0.22434997400616652
39.931585,116.483609,97,taxi,2009-07-12 10:49:15,12.771406218818692,0.6734106797391917
39.931470000000004,116.48361200000001,97,taxi,2009-07-12 10:49:16,13.444816898557884,0.10367429128136685
39.931349,116.48360600000001,95,taxi,2009-07-12 10:49:17,13.54849118983925,0.7811810147706524
39.931227,116.483609,94,taxi,2009-07-12 10:49:18,14.329672204609903,0.5510007718549819
39.931098,116.483604,94,taxi,2009-07-12 10:49:19,14.880672976464885,-0.001964571351956934
39.930964,116.48360100000001,93,taxi,2009-07-12 10:49:20,14.878708405112928,0.44412574218488565
39.93083,116.483602,94,taxi,2009-07-12 10:49:21,15.322834147297813,-0.33309496046723375
39.930692,116.48360100000001,94,taxi,2009-07-12 10:49:22,14.98973918683058,0.11296653253246447
39.930557,116.483602,94,taxi,2009-07-12 10:49:23,15.102705719363044,-0.33428798642253454
39.930421,116.48360500000001,93,taxi,2009-07-12 10:49:24,14.76841773294051,-0.22280531147653626
39.930288,116.483607,92,taxi,2009-07-12 10:49:25,14.545612421463973,-0.22231808301158473
39.930157,116.483608,91,taxi,2009-07-12 10:49:26,14.323294338452389,-0.7748061492564915
39.930028,116.483608,90,taxi,2009-07-12 10:49:27,13.548488189195897,-0.11318880166438916
39.929906,116.48360500000001,90,taxi,2009-07-12 10:49:28,13.435299387531508,-0.1014377136430582
39.929784999999995,116.483604,91,taxi,2009-07-12 10:49:29,13.33386167388845,-0.6576082581258831
39.929665,116.483598,91,taxi,2009-07-12 10:49:30,12.676253415762567,0.23194206426702202
39.929551000000004,116.48358999999999,91,taxi,2009-07-12 10:49:31,12.908195480029589,-0.11621310321424616
39.929435,116.48358,90,taxi,2009-07-12 10:49:32,12.791982376815342,0.08787734973630101
39.929320000000004,116.483571,90,taxi,2009-07-12 10:49:33,12.879859726551643,-0.3284417680392657
39.929204,116.483571,92,taxi,2009-07-12 10:49:34,12.551417958512378,-0.11304790601673709
39.929091,116.483575,94,taxi,2009-07-12 10:49:35,12.43837005249564,-0.002350354178037861
39.928979,116.48357800000001,94,taxi,2009-07-12 10:49:36,12.436019698317603,-0.43346354259295516
39.928867,116.483579,95,taxi,2009-07-12 10:49:37,12.002556155724648,-0.008221936265378815
39.928759,116.48357299999999,94,taxi,2009-07-12 10:49:38,11.994334219459269,-0.44181376252364934
39.928651,116.48357,95,taxi,2009-07-12 10:49:39,11.55252045693562,0.5648883167651455
39.928546999999995,116.483566,95,taxi,2009-07-12 10:49:40,12.117408773700765,-0.12459837487194747
39.928438,116.48355900000001,94,taxi,2009-07-12 10:49:41,11.992810398828817,-0.3264864873175064
39.928329999999995,116.483557,94,taxi,2009-07-12 10:49:42,11.666323911511311,0.21546418934076428
39.928225,116.483562,95,taxi,2009-07-12 10:49:43,11.881788100852075,0.2235529382539223
39.928118,116.48356399999999,96,taxi,2009-07-12 10:49:44,12.105341039105998,0.11100833709762448
39.928009,116.483567,97,taxi,2009-07-12 10:49:45,12.216349376203622,0.330698655556926
39.927899,116.48356399999999,97,taxi,2009-07-12 10:49:46,12.547048031760548,-0.4432168999395394
39.927786,116.48356499999998,96,taxi,2009-07-12 10:49:47,12.103831131821009,-0.33151383164518755
39.927677,116.483567,98,taxi,2009-07-12 10:49:48,11.772317300175821,-0.0027938610257418617
39.927571,116.48356399999999,97,taxi,2009-07-12 10:49:49,11.76952343915008,0.6708993228070295
39.927465000000005,116.48356399999999,98,taxi,2009-07-12 10:49:50,12.440422761957109,0.014089533087169315
39.927353000000004,116.48356000000001,97,taxi,2009-07-12 10:49:51,12.454512295044278,0.20443092088449077
39.927240999999995,116.48356799999999,96,taxi,2009-07-12 10:49:52,12.658943215928769,0.12817894383166717
39.927127,116.48357,95,taxi,2009-07-12 10:49:53,12.787122159760436,-0.017156246928941243
39.927012,116.483562,92,taxi,2009-07-12 10:49:54,12.769965912831495,0.22204663736762953
39.926897,116.48356000000001,93,taxi,2009-07-12 10:49:55,12.992012550199124,0.44300763459551895
39.92678,116.483558,90,taxi,2009-07-12 10:49:56,13.435020184794643,0.11130267150737438
39.926659,116.483558,91,taxi,2009-07-12 10:49:57,13.546322856302018,0.23479422749232448
39.926536999999996,116.483557,87,taxi,2009-07-12 10:49:58,13.781117083794342,-0.3460977529380145
39.926413000000004,116.48356399999999,86,taxi,2009-07-12 10:49:59,13.435019330856328,-0.7760781596221147
39.926292,116.48356399999999,83,taxi,2009-07-12 10:50:00,12.658941171234213,-0.22204605475578454
39.926178,116.483562,81,taxi,2009-07-12 10:50:01,12.436895116478428,0.8873644312776783
39.926066,116.48356000000001,81,taxi,2009-07-12 10:50:02,13.324259547756107,0.11510953228539833
39.925946,116.48355900000001,82,taxi,2009-07-12 10:50:03,13.439369080041505,0.5573428760974171
39.925825,116.48355500000001,82,taxi,2009-07-12 10:50:04,13.996711956138922,0.33294758333406094
39.925699,116.48355,80,taxi,2009-07-12 10:50:05,14.329659539472983,0.3426701769305076
39.92557,116.48354499999999,78,taxi,2009-07-12 10:50:06,14.67232971640349,-0.22561503601059307
39.925438,116.48353700000001,77,taxi,2009-07-12 10:50:07,14.446714680392898,-0.7829443180245903
39.925308,116.48353,75,taxi,2009-07-12 10:50:08,13.663770362368307,-0.11340541490248768
39.925185,116.483525,74,taxi,2009-07-12 10:50:09,13.55036494746582,-0.11290117364176488
39.925063,116.483521,74,taxi,2009-07-12 10:50:10,13.437463773824055,-0.44545555223522726
39.924942,116.48351799999999,74,taxi,2009-07-12 10:50:11,12.992008221588828,-0.4379792999805172
39.924825,116.483516,73,taxi,2009-07-12 10:50:12,12.55402892160831,-0.21867658706633364
39.924712,116.48351100000001,73,taxi,2009-07-12 10:50:13,12.335352334541977,-0.003259144084646337
39.924601,116.48350500000001,72,taxi,2009-07-12 10:50:14,12.33209319045733,0.3441516880760034
39.924490000000006,116.4835,72,taxi,2009-07-12 10:50:15,12.676244878533334,0.133713437045488
39.924376,116.483492,72,taxi,2009-07-12 10:50:16,12.809958315578822,-0.3246822873400532
39.924261,116.48348,72,taxi,2009-07-12 10:50:17,12.485276028238768,-1.1547310363366208
39.924149,116.48346699999999,72,taxi,2009-07-12 10:50:18,11.330544991902148,-2.91666405459482
39.924046999999995,116.48346299999999,73,taxi,2009-07-12 10:50:19,8.413880937307328,-1.2785269912160895
39.923898,116.483427,71,taxi,2009-07-12 10:50:21,5.856826954875149,0.5189850296508163
39.923794,116.48340400000001,70,taxi,2009-07-12 10:50:23,6.894797014176781,1.2461376253508938
39.92367,116.483395,70,taxi,2009-07-12 10:50:25,9.387072264878569,0.7052958625322736
39.923501,116.483402,70,taxi,2009-07-12 10:50:27,10.797663989943116,0.5277183296293124
39.923404,116.48339299999999,68,taxi,2009-07-12 10:50:28,11.325382319572428,0.11901828882714227
39.923302,116.48339299999999,69,taxi,2009-07-12 10:50:29,11.44440060839957,0.5483991090225295
39.923199,116.483398,69,taxi,2009-07-12 10:50:30,11.9927997174221,0.22084721229128235
39.923091,116.4834,69,taxi,2009-07-12 10:50:31,12.213646929713383,1.2224523587222578
39.922981,116.4834,70,taxi,2009-07-12 10:50:32,13.43609928843564,1.0187019595004418
39.92286,116.483402,70,taxi,2009-07-12 10:50:33,14.454801247936082,-0.35255505522644803
39.92273,116.48339299999999,70,taxi,2009-07-12 10:50:34,14.102246192709634,0.11025340584707877
39.922603,116.483395,71,taxi,2009-07-12 10:50:35,14.212499598556713,-0.7774894199687417
39.922475,116.48339399999999,71,taxi,2009-07-12 10:50:36,13.435010178587971,-0.7772322519437918
39.922354,116.48339399999999,72,taxi,2009-07-12 10:50:37,12.65777792664418,-1.1052693274676173
39.92224,116.48339399999999,73,taxi,2009-07-12 10:50:38,11.552508599176562,-2.9961210285822624
39.922136,116.483398,74,taxi,2009-07-12 10:50:39,8.5563875705943,-1.1253022846037553
39.921982,116.48338999999999,76,taxi,2009-07-12 10:50:41,6.305783001386789,0.20791097527729496
39.921876,116.483337,78,taxi,2009-07-12 10:50:43,6.721604951941379,0.9158244156172892
39.921788,116.48322900000001,83,taxi,2009-07-12 10:50:45,8.553253783175958,1.116469571754461
39.921761,116.48303200000001,86,taxi,2009-07-12 10:50:47,10.78619292668488,1.8903611869319832
39.921756,116.482906,87,taxi,2009-07-12 10:50:48,12.676554113616863,-1.0492136073048695
39.921749,116.482758,89,taxi,2009-07-12 10:50:49,11.627340506311993,0.3419500355725358
39.921748,116.48262199999999,90,taxi,2009-07-12 10:50:50,11.96929054188453,0.17858950786169814
39.921746999999996,116.482482,91,taxi,2009-07-12 10:50:51,12.147880049746227,0.8586454938235377
39.921743,116.48234,92,taxi,2009-07-12 10:50:52,13.006525543569765,0.3596606570373986
39.921738,116.482188,92,taxi,2009-07-12 10:50:53,13.366186200607164,0.3286320538632346
39.92173,116.482032,93,taxi,2009-07-12 10:50:54,13.694818254470398,0.5075899773788173
39.921724,116.481872,94,taxi,2009-07-12 10:50:55,14.202408231849216,0.4170237713261393
39.921719,116.481706,95,taxi,2009-07-12 10:50:56,14.619432003175355,-0.08548880697815342
39.92172,116.48153500000001,96,taxi,2009-07-12 10:50:57,14.533943196197201,0.08548902084436172
39.921719,116.481365,97,taxi,2009-07-12 10:50:58,14.619432217041563,4.347612283510355
39.921718,116.48119399999999,98,taxi,2009-07-12 10:50:59,18.967044500551918,-4.773761221298738
39.921757,116.48097800000001,99,taxi,2009-07-12 10:51:00,14.19328327925318,0.25516273267374245
39.921759,116.48081200000001,100,taxi,2009-07-12 10:51:01,14.448446011926922,-0.7657923993242903
39.92176,116.48064299999999,101,taxi,2009-07-12 10:51:02,13.682653612602632,2.9835912332610164
39.921757,116.480483,101,taxi,2009-07-12 10:51:03,16.66624484586365,-4.5129730280033815
39.921783000000005,116.480291,102,taxi,2009-07-12 10:51:04,12.153271817860267,0.25538278911725776
39.921764,116.480151,102,taxi,2009-07-12 10:51:05,12.408654606977525,1.2703942509903676
39.921759,116.480006,103,taxi,2009-07-12 10:51:06,13.679048857967892,-0.6839063838920616
39.92176,116.479846,103,taxi,2009-07-12 10:51:07,12.99514247407583,-0.2564643483941236
39.921761,116.479694,104,taxi,2009-07-12 10:51:08,12.738678125681707,-1.3634659103890439
39.921762,116.479545,104,taxi,2009-07-12 10:51:09,11.375212215292663,-0.9305167632172999
39.921765,116.47941200000001,104,taxi,2009-07-12 10:51:10,10.444695452075363,-2.4187487358979336
39.92176,116.47928999999999,104,taxi,2009-07-12 10:51:11,8.02594671617743,-0.35306041531408994
39.921746999999996,116.47910300000001,104,taxi,2009-07-12 10:51:13,7.31982588554925,-1.4795715495495743
39.92174,116.478932,104,taxi,2009-07-12 10:51:15,4.360682786450101,-1.1568216750578049
39.921738,116.478779,104,taxi,2009-07-12 10:51:18,0.8902177612766868,0.30515544984503096
39.921735999999996,116.478727,104,taxi,2009-07-12 10:51:23,2.4159950105018417,0.3315424853633825
39.921841,116.47868999999999,103,taxi,2009-07-12 10:51:28,4.073707437318754,0.3925887738126474
39.921951,116.47868500000001,105,taxi,2009-07-12 10:51:31,5.251473758756696,0.4008729471534309
39.922090000000004,116.47864799999999,107,taxi,2009-07-12 10:51:34,6.454092600216989,0.38153072410183864
39.922206,116.47863799999999,107,taxi,2009-07-12 10:51:36,7.217154048420666,0.7230338952196083
39.922336,116.47863799999999,108,taxi,2009-07-12 10:51:38,8.663221838859883,0.7269030029270773
39.922492,116.47864299999999,111,taxi,2009-07-12 10:51:40,10.117027844714038,0.4008955671054828
39.922674,116.478655,116,taxi,2009-07-12 10:51:42,10.918818978925003,0.5332416557860391
39.922771000000004,116.47867600000001,118,taxi,2009-07-12 10:51:43,11.452060634711042,0.5504852001553502
39.922874,116.478683,121,taxi,2009-07-12 10:51:44,12.002545834866392,-0.6565327322428107
39.922982,116.47868899999999,125,taxi,2009-07-12 10:51:45,11.346013102623582,-0.02063120986981204
39.923084,116.478697,128,taxi,2009-07-12 10:51:46,11.32538189275377,-0.6084181773017026
39.923186,116.478697,130,taxi,2009-07-12 10:51:47,10.716963715452067,-2.1674103871749306
39.923282,116.47868400000002,132,taxi,2009-07-12 10:51:48,8.549553328277137,-0.4716506174511137
39.923435999999995,116.47868400000002,142,taxi,2009-07-12 10:51:50,7.606252093374909,-0.08050759325878021
39.923573,116.478682,143,taxi,2009-07-12 10:51:52,7.445236906857349,-0.4744093195222683
39.923707,116.478675,145,taxi,2009-07-12 10:51:54,6.496418267812812,0.3433732376541516
39.923823,116.478655,151,taxi,2009-07-12 10:51:56,7.183164743121115,-0.14948766755564424
39.923952,116.478642,157,taxi,2009-07-12 10:51:58,6.884189408009827,1.0312557054685176
39.924076,116.478641,165,taxi,2009-07-12 10:52:00,8.946700818946862,0.28888141511199095
39.924236,116.47861599999999,157,taxi,2009-07-12 10:52:02,9.524463649170844,-0.1796704184015736
39.924407,116.478598,162,taxi,2009-07-12 10:52:04,9.165122812367697,-0.4734442122878102
39.924572,116.478591,164,taxi,2009-07-12 10:52:06,8.218234387792076,1.0539702828463042
39.92472,116.478595,170,taxi,2009-07-12 10:52:08,10.326174953484685,0.6686618855446804
39.924906,116.478594,174,taxi,2009-07-12 10:52:10,11.663498724574046,0.8858728970289729
39.925011,116.47859,177,taxi,2009-07-12 10:52:11,12.549371621603019,0.109567277056005
39.925124,116.47859299999999,174,taxi,2009-07-12 10:52:12,12.658938898659024,2.450551406241175e-07
39.925238,116.478595,176,taxi,2009-07-12 10:52:13,12.658939143714164,0.44548816614243947
39.925352000000004,116.478597,177,taxi,2009-07-12 10:52:14,13.104427309856604,-0.4440445089653977
39.925470000000004,116.478594,179,taxi,2009-07-12 10:52:15,12.660382800891206,0.8953753863302172
39.925584,116.478597,177,taxi,2009-07-12 10:52:16,13.555758187221423,0.2166050228842522
39.925706,116.478603,173,taxi,2009-07-12 10:52:17,13.772363210105675,-0.33625711243076495
39.92583,116.478599,174,taxi,2009-07-12 10:52:18,13.43610609767491,-0.44268924018477485
39.925951,116.478597,175,taxi,2009-07-12 10:52:19,12.993416857490136,-0.16037309128732957
39.926068,116.478594,178,taxi,2009-07-12 10:52:20,12.833043766202806,-1.5073331766861244
39.926183,116.47857900000001,175,taxi,2009-07-12 10:52:21,11.325710589516682,-0.6579553657251136
39.926285,116.47858000000001,166,taxi,2009-07-12 10:52:22,10.667755223791568,-0.32434176808189896
39.926381,116.47858500000001,162,taxi,2009-07-12 10:52:23,10.343413455709669,-1.23868929099201
39.926474,116.47859199999999,159,taxi,2009-07-12 10:52:24,9.104724164717659,-1.2751394372311933
39.926638,116.47859199999999,150,taxi,2009-07-12 10:52:26,6.554445290255273,-0.22060696058856344
39.926756,116.478587,148,taxi,2009-07-12 10:52:28,6.113231369078146,-0.3588310435529203
39.92686,116.47854,145,taxi,2009-07-12 10:52:30,5.395569281972305,0.16093884918416368
39.926924,116.478445,149,taxi,2009-07-12 10:52:32,5.7174469803406325,1.116416699891241
39.926935,116.47831200000002,151,taxi,2009-07-12 10:52:34,7.9502803801231146,0.7081148844923595
39.926936,116.478126,154,taxi,2009-07-12 10:52:36,9.366510149107834,0.12598548337488857
39.926942,116.477907,155,taxi,2009-07-12 10:52:38,9.61848111585761,0.02575211861504023
39.926945,116.477682,158,taxi,2009-07-12 10:52:40,9.669985353087691,-0.7099785102406511
39.926953000000005,116.477456,163,taxi,2009-07-12 10:52:42,8.250028332606389,0.03222573568487608
39.926955,116.477263,163,taxi,2009-07-12 10:52:44,8.314479803976141,0.22464550114948612
39.926966,116.477069,164,taxi,2009-07-12 10:52:46,8.763770806275113,0.6217455791790982
39.926969,116.47686399999999,166,taxi,2009-07-12 10:52:48,10.00726196463331,0.3417558150469162
39.926972,116.476747,169,taxi,2009-07-12 10:52:49,10.349017779680226,-0.17087900334737327
39.926969,116.476626,171,taxi,2009-07-12 10:52:50,10.178138776332853,1.8149401998668235
39.926966,116.47650700000001,172,taxi,2009-07-12 10:52:51,11.993078976199676,0.6606158704600009
39.926959000000004,116.476367,168,taxi,2009-07-12 10:52:52,12.653694846659677,-1.1901292752613042
39.926961,116.476219,165,taxi,2009-07-12 10:52:53,11.463565571398373,-0.341675098347455
39.926965,116.47608500000001,166,taxi,2009-07-12 10:52:54,11.121890473050918,-0.2375395384824479
39.926969,116.475955,167,taxi,2009-07-12 10:52:55,10.88435093456847,1.5964252756762214
39.926961999999996,116.475828,169,taxi,2009-07-12 10:52:56,12.480776210244692,-0.5082742142271659
39.926961999999996,116.475682,171,taxi,2009-07-12 10:52:57,11.972501996017526,-0.07145820514364765
39.926965,116.47554199999999,171,taxi,2009-07-12 10:52:58,11.901043790873878,-0.01866044162411562
39.926959000000004,116.475403,174,taxi,2009-07-12 10:52:59,11.882383349249762,-0.5962083446547428
39.926959000000004,116.475264,176,taxi,2009-07-12 10:53:00,11.28617500459502,-0.08546777220157153
39.926957,116.475132,178,taxi,2009-07-12 10:53:01,11.200707232393448,-0.5370547567953903
39.926955,116.475001,180,taxi,2009-07-12 10:53:02,10.663652475598058,-0.23391610733069612
39.926939000000004,116.474878,179,taxi,2009-07-12 10:53:03,10.429736368267362,-0.973230294784738
39.926938,116.474756,180,taxi,2009-07-12 10:53:04,9.456506073482624,-1.3292115788530352
39.92693,116.474535,182,taxi,2009-07-12 10:53:06,6.798082915776553,-0.405914436186944
39.926927,116.474376,178,taxi,2009-07-12 10:53:08,5.986254043402665,0.8348352216687909
39.92693,116.474236,181,taxi,2009-07-12 10:53:10,7.655924486740247,-0.017412057826393657
39.926925,116.474057,178,taxi,2009-07-12 10:53:12,7.62110037108746,1.002602603314351
39.926933,116.47387900000001,178,taxi,2009-07-12 10:53:14,9.626305577716161,0.5826796554124023
39.926951,116.47365500000001,181,taxi,2009-07-12 10:53:16,10.791664888540966,0.4295456723373654
39.926957,116.473529,184,taxi,2009-07-12 10:53:17,11.221210560878331,0.6179341641817508
39.926971,116.473399,184,taxi,2009-07-12 10:53:18,11.839144725060082,-1.0960201904824274
39.92698,116.47326100000001,183,taxi,2009-07-12 10:53:19,10.743124534577655,-0.41250360932233576
39.92699,116.47313600000001,184,taxi,2009-07-12 10:53:20,10.33062092525532,-0.04305280474735085
39.927001000000004,116.47301599999999,184,taxi,2009-07-12 10:53:21,10.287568120507968,-2.932529603869523
39.927008,116.47289599999999,185,taxi,2009-07-12 10:53:22,7.355038516638445,-0.9204973948277746
39.927004,116.472724,186,taxi,2009-07-12 10:53:24,5.514043726982896,-0.861114581521363
39.927003000000006,116.472595,187,taxi,2009-07-12 10:53:26,3.79181456394017,-0.7570138889678469
39.927021,116.47246399999999,183,taxi,2009-07-12 10:53:29,1.5207728970366292,-0.27701557212018874
39.927059,116.47238999999999,172,taxi,2009-07-12 10:53:34,0.13569503643568537,-0.021533866142664372
